AAN,,,,
AAOI,,,,
AAON,,,,
AAT,,,,
AAWW,,,,
ABCB,,,,
ABG,,,,
ABM,,,,
ABTX,,,,
ACA,,,,
ACLS,,,,
ADC,,,,
ADTN,,,,
ADUS,,,,
AEGN,,,,
AEIS,,,,
AEL,,,,
AGO,,,,
AGYS,,,,
AHH,,,,
AIN,,,,
AIR,,,,
AIT,,,,
AJRD,,,,
AKR,,,,
ALEX,,,,
ALG,,,,
ALGT,,,,
ALRM,,,,
AMBC,,,,
AMCX,,,,
AMN,,,,
AMPH,,,,
AMSF,,,,
AMWD,,,,
ANDE,,,,
ANF,,,,
ANGO,,,,
ANIK,,,,
ANIP,,,,
APEI,,,,
APOG,,,,
ARCB,,,,
ARI,,,,
ARLO,,,,
ARNC,,,,
AROC,,,,
ARR,,,,
ASIX,,,,
ASTE,,,,
ATI,,,,
ATNI,,,,
AVA,,,,
AVAV,,,,
AVD,,,,
AWR,,,,
AX,,,,
AXL,,,,
AZZ,,,,
B,,,,
BANC,,,,
BANF,,,,
BANR,,,,
BBBY,,,,
BCC,,,,
BCEI,,,,
BCOR,,,,
BCPC,,,,
BDN,,,,
BELFB,,,,
BFS,,,,
BGS,,,,
BHE,,,,
BHLB,,,,
BIG,,,,
BJRI,,,,
BKE,,,,
BKU,,,,
BLMN,,,,
BMI,,,,
BMTX,,,,
BNED,,,,
BOOM,,,,
BOOT,,,,
BPFH,,,,
BRC,,,,
BRKL,,,,
BSIG,,,,
CADE,,,,
CAKE,,,,
CAL,,,,
CALM,,,,
CAMP,,,,
CASH,,,,
CATM,,,,
CATO,,,,
CBB,,,,
CBU,,,,
CCOI,,,,
CCRN,,,,
CCS,,,,
CEIX,,,,
CELH,,,,
CENT,,,,
CENTA,,,,
CENX,,,,
CEVA,,,,
CFFN,,,,
CHCO,,,,
CHCT,,,,
CHEF,,,,
CHRS,,,,
CHS,,,,
CHUY,,,,
CIR,,,,
CKH,,,,
CLB,,,,
CLDT,,,,
CLF,,,,
CLI,,,,
CLW,,,,
CMO,,,,
CMTL,,,,
CNMD,,,,
CNSL,,,,
CNXN,,,,
COHU,,,,
COKE,,,,
COLB,,,,
COLL,,,,
CONN,,,,
COOP,,,,
CORE,,,,
CORT,,,,
CPE,,,,
CPF,,,,
CPK,,,,
CPS,,,,
CPSI,,,,
CRMT,,,,
CROX,,,,
CRS,,,,
CRVL,,,,
CRY,,,,
CSGS,,,,
CSII,,,,
CSR,,,,
CTB,,,,
CTRE,,,,
CTS,,,,
CUB,,,,
CUBI,,,,
CUTR,,,,
CVBF,,,,
CVCO,,,,
CVET,,,,
CVGW,,,,
CWT,,,,
CXW,,,,
CYH,,,,
CYTK,,,,
DAKT,,,,
DBD,,,,
DBI,,,,
DCOM,,,,
DDD,,,,
DEA,,,,
DFIN,,,,
DGII,,,,
DHC,,,,
DIN,,,,
DIOD,,,,
DLX,,,,
DNOW,,,,
DORM,,,,
DRH,,,,
DRQ,,,,
DSPG,,,,
DXPE,,,,
EAT,,,,
EBIX,,,,
ECHO,,,,
ECOL,,,,
ECPG,,,,
EGBN,,,,
EGHT,,,,
EGOV,,,,
EGRX,,,,
EHTH,,,,
EIG,,,,
ELF,,,,
ELY,,,,
ENDP,,,,
ENSG,,,,
ENTA,,,,
ENVA,,,,
EPAC,,,,
EPAY,,,,
EPRT,,,,
ESE,,,,
ETH,,,,
EVTC,,,,
EXLS,,,,
EXPO,,,,
EXTN,,,,
EXTR,,,,
EZPW,,,,
FARO,,,,
FBC,,,,
FBK,,,,
FBNC,,,,
FBP,,,,
FCF,,,,
FCPT,,,,
FDP,,,,
FELE,,,,
FF,,,,
FFBC,,,,
FHB,,,,
FIX,,,,
FIZZ,,,,
FLGT,,,,
FLOW,,,,
FMBI,,,,
FN,,,,
FOE,,,,
FORM,,,,
FORR,,,,
FOSL,,,,
FRGI,,,,
FSP,,,,
FSS,,,,
FUL,,,,
FWRD,,,,
GBX,,,,
GCI,,,,
GCO,,,,
GCP,,,,
GDOT,,,,
GEO,,,,
GES,,,,
GFF,,,,
GHL,,,,
GIII,,,,
GKOS,,,,
GLT,,,,
GLUU,,,,
GME,,,,
GMS,,,,
GNL,,,,
GPI,,,,
GPMT,,,,
GPRE,,,,
GTLS,,,,
GTY,,,,
GVA,,,,
GWB,,,,
HA,,,,
HAFC,,,,
HAYN,,,,
HCC,,,,
HCI,,,,
HFWA,,,,
HI,,,,
HIBB,,,,
HLIT,,,,
HLX,,,,
HMN,,,,
HMST,,,,
HMSY,,,,
HNGR,,,,
HNI,,,,
HOPE,,,,
HP,,,,
HSC,,,,
HSII,,,,
HSKA,,,,
HSTM,,,,
HT,,,,
HTH,,,,
HTLD,,,,
HUBG,,,,
HVT,,,,
HWKN,,,,
HZO,,,,
IBP,,,,
IBTX,,,,
ICHR,,,,
IIIN,,,,
IIPR,,,,
ILPT,,,,
INDB,,,,
INGN,,,,
INN,,,,
INVA,,,,
IOSP,,,,
IPAR,,,,
IRBT,,,,
IRT,,,,
ISBC,,,,
ITGR,,,,
ITRI,,,,
IVC,,,,
IVR,,,,
JBSS,,,,
JBT,,,,
JJSF,,,,
JOE,,,,
JRVR,,,,
KALU,,,,
KAMN,,,,
KELYA,,,,
KFY,,,,
KLIC,,,,
KN,,,,
KOP,,,,
KRA,,,,
KREF,,,,
KRG,,,,
KTB,,,,
KWR,,,,
LCI,,,,
LCII,,,,
LDL,,,,
LGIH,,,,
LL,,,,
LMAT,,,,
LMNX,,,,
LNN,,,,
LNTH,,,,
LOCO,,,,
LPG,,,,
LPI,,,,
LPSN,,,,
LQDT,,,,
LTC,,,,
LTHM,,,,
LXP,,,,
LZB,,,,
M,,,,
MANT,,,,
MATW,,,,
MATX,,,,
MCRI,,,,
MCS,,,,
MD,,,,
MDC,,,,
MDP,,,,
MDRX,,,,
MED,,,,
MEI,,,,
MERC,,,,
MGLN,,,,
MGPI,,,,
MHO,,,,
MIK,,,,
MLAB,,,,
MLI,,,,
MMI,,,,
MMSI,,,,
MNRO,,,,
MODV,,,,
MOG-A,,,,
MOV,,,,
MPAA,,,,
MRTN,,,,
MSTR,,,,
MTDR,,,,
MTH,,,,
MTOR,,,,
MTRN,,,,
MTRX,,,,
MTSC,,,,
MXL,,,,
MYE,,,,
MYGN,,,,
MYRG,,,,
NBHC,,,,
NBR,,,,
NBTB,,,,
NEO,,,,
NFBK,,,,
NMIH,,,,
NP,,,,
NPK,,,,
NPO,,,,
NSA,,,,
NSIT,,,,
NTGR,,,,
NTUS,,,,
NWBI,,,,
NWN,,,,
NX,,,,
NXGN,,,,
NXRT,,,,
NYMT,,,,
ODP,,,,
OFG,,,,
OFIX,,,,
OII,,,,
OIS,,,,
OMCL,,,,
OMI,,,,
ONB,,,,
ONTO,,,,
OPI,,,,
OSIS,,,,
OSPN,,,,
OSUR,,,,
OXM,,,,
PAHC,,,,
PARR,,,,
PATK,,,,
PBF,,,,
PBH,,,,
PBI,,,,
PCRX,,,,
PDCE,,,,
PDFS,,,,
PETS,,,,
PFBC,,,,
PFS,,,,
PGTI,,,,
PIPR,,,,
PKE,,,,
PLAB,,,,
PLAY,,,,
PLCE,,,,
PLMR,,,,
PLT,,,,
PLUS,,,,
PLXS,,,,
PMT,,,,
PNTG,,,,
POWI,,,,
POWL,,,,
PPBI,,,,
PRA,,,,
PRAA,,,,
PRDO,,,,
PRFT,,,,
PRGS,,,,
PRK,,,,
PRLB,,,,
PSMT,,,,
PTEN,,,,
PUMP,,,,
PVAC,,,,
QEP,,,,
QNST,,,,
RAVN,,,,
RC,,,,
RCII,,,,
RCM,,,,
RDNT,,,,
REGI,,,,
RES,,,,
REX,,,,
REZI,,,,
RGNX,,,,
RGP,,,,
RGR,,,,
RGS,,,,
RLGY,,,,
RMAX,,,,
RMBS,,,,
RNST,,,,
ROCK,,,,
ROG,,,,
ROIC,,,,
RPAI,,,,
RPT,,,,
RRC,,,,
RRGB,,,,
RUTH,,,,
RWT,,,,
RYAM,,,,
SAFE,,,,
SAFT,,,,
SAH,,,,
SAIA,,,,
SANM,,,,
SBCF,,,,
SBH,,,,
SBSI,,,,
SCHL,,,,
SCL,,,,
SCSC,,,,
SCVL,,,,
SEM,,,,
SENEA,,,,
SFBS,,,,
SFNC,,,,
SGH,,,,
SHAK,,,,
SHEN,,,,
SHOO,,,,
SIG,,,,
SITC,,,,
SJI,,,,
SKT,,,,
SKYW,,,,
SLCA,,,,
SLP,,,,
SM,,,,
SMP,,,,
SMPL,,,,
SNBR,,,,
SNEX,,,,
SPOK,,,,
SPPI,,,,
SPSC,,,,
SPTN,,,,
SPXC,,,,
SRDX,,,,
SSP,,,,
SSTK,,,,
STAR,,,,
STBA,,,,
STC,,,,
STMP,,,,
SUPN,,,,
SWM,,,,
SWN,,,,
SXC,,,,
SXI,,,,
SYKE,,,,
TALO,,,,
TBI,,,,
TBK,,,,
TCMD,,,,
TG,,,,
TGI,,,,
THRM,,,,
TILE,,,,
TISI,,,,
TMP,,,,
TMST,,,,
TNC,,,,
TRHC,,,,
TRST,,,,
TRUP,,,,
TSE,,,,
TTEC,,,,
TTGT,,,,
TTMI,,,,
TUP,,,,
TVTY,,,,
TWI,,,,
UBA,,,,
UCBI,,,,
UCTT,,,,
UEIC,,,,
UFCS,,,,
UFI,,,,
UFPI,,,,
UHT,,,,
UIHC,,,,
UIS,,,,
UNF,,,,
UNFI,,,,
UNIT,,,,
USCR,,,,
USNA,,,,
USPH,,,,
UVE,,,,
UVV,,,,
VBTX,,,,
VECO,,,,
VG,,,,
VGR,,,,
VIAV,,,,
VICR,,,,
VIVO,,,,
VNDA,,,,
VRA,,,,
VREX,,,,
VRTS,,,,
VRTV,,,,
VSTO,,,,
VTOL,,,,
VVI,,,,
WABC,,,,
WD,,,,
WDFC,,,,
WDR,,,,
WETF,,,,
WGO,,,,
WIRE,,,,
WNC,,,,
WRE,,,,
WRLD,,,,
WSR,,,,
WTS,,,,
WWW,,,,
XHR,,,,
XNCR,,,,
XPER,,,,
ZEUS,,,,
ZUMZ,,,,
ZYXI,,,,
